[
  {
    "Timestamp": "2026-02-06 21:05:53",
    "First_Open_Acumulado_Android": 547,
    "First_Open_Acumulado_iOS": 419,
    "First_Open_Acumulado_Total": 966,
    "Device_Category_Mobile": 11,
    "Device_Category_Tablet": 0,
    "Device_Category_Desktop": 44,
    "Device_Category_TV": 0,
    "Device_Category_Other": 0,
    "Geo_App": [
      {
        "city": "Madrid",
        "province": "Madrid",
        "country": "Spain",
        "count": 227
      },
      {
        "city": "Zaragoza",
        "province": "Aragon",
        "country": "Spain",
        "count": 184
      },
      {
        "city": "Boardman",
        "province": "Oregon",
        "country": "United States",
        "count": 88
      },
      {
        "city": "Barcelona",
        "province": "Catalonia",
        "country": "Spain",
        "count": 74
      },
      {
        "city": "Valencia",
        "province": "Valencian Community",
        "country": "Spain",
        "count": 46
      },
      {
        "city": "Alcobendas",
        "province": "Madrid",
        "country": "Spain",
        "count": 32
      },
      {
        "city": "Valladolid",
        "province": "Castile and Leon",
        "country": "Spain",
        "count": 31
      },
      {
        "city": "Seville",
        "province": "Andalusia",
        "country": "Spain",
        "count": 29
      },
      {
        "city": "Bilbao",
        "province": "Basque Country",
        "country": "Spain",
        "count": 25
      },
      {
        "city": "",
        "province": "Andalusia",
        "country": "Spain",
        "count": 23
      },
      {
        "city": "(not set)",
        "province": "Andalusia",
        "country": "Spain",
        "count": 22
      },
      {
        "city": "Malaga",
        "province": "Andalusia",
        "country": "Spain",
        "count": 20
      },
      {
        "city": "",
        "province": "Aragon",
        "country": "Spain",
        "count": 19
      },
      {
        "city": "Vigo",
        "province": "Galicia",
        "country": "Spain",
        "count": 17
      },
      {
        "city": "Granada",
        "province": "Andalusia",
        "country": "Spain",
        "count": 16
      },
      {
        "city": "(not set)",
        "province": "Valencian Community",
        "country": "Spain",
        "count": 13
      },
      {
        "city": "",
        "province": "Castile-La Mancha",
        "country": "Spain",
        "count": 12
      },
      {
        "city": "(not set)",
        "province": "Castile-La Mancha",
        "country": "Spain",
        "count": 12
      },
      {
        "city": "Jerez de la Frontera",
        "province": "Andalusia",
        "country": "Spain",
        "count": 11
      },
      {
        "city": "",
        "province": "Valencian Community",
        "country": "Spain",
        "count": 10
      },
      {
        "city": "(not set)",
        "province": "Aragon",
        "country": "Spain",
        "count": 10
      },
      {
        "city": "Teruel",
        "province": "Aragon",
        "country": "Spain",
        "count": 9
      },
      {
        "city": "Cordoba",
        "province": "Andalusia",
        "country": "Spain",
        "count": 8
      },
      {
        "city": "Leon",
        "province": "Castile and Leon",
        "country": "Spain",
        "count": 8
      },
      {
        "city": "A Coruna",
        "province": "Galicia",
        "country": "Spain",
        "count": 7
      },
      {
        "city": "Alcala de Henares",
        "province": "Madrid",
        "country": "Spain",
        "count": 7
      },
      {
        "city": "Gijon",
        "province": "Asturias",
        "country": "Spain",
        "count": 7
      },
      {
        "city": "Huelva",
        "province": "Andalusia",
        "country": "Spain",
        "count": 7
      },
      {
        "city": "Huesca",
        "province": "Aragon",
        "country": "Spain",
        "count": 7
      },
      {
        "city": "Las Palmas de Gran Canaria",
        "province": "Canary Islands",
        "country": "Spain",
        "count": 7
      },
      {
        "city": "(not set)",
        "province": "Region of Murcia",
        "country": "Spain",
        "count": 6
      },
      {
        "city": "Alcorcon",
        "province": "Madrid",
        "country": "Spain",
        "count": 6
      },
      {
        "city": "Almeria",
        "province": "Andalusia",
        "country": "Spain",
        "count": 6
      },
      {
        "city": "",
        "province": "Galicia",
        "country": "Spain",
        "count": 5
      },
      {
        "city": "Las Rozas de Madrid",
        "province": "Madrid",
        "country": "Spain",
        "count": 5
      },
      {
        "city": "Pamplona",
        "province": "Navarre",
        "country": "Spain",
        "count": 5
      },
      {
        "city": "Salamanca",
        "province": "Castile and Leon",
        "country": "Spain",
        "count": 5
      },
      {
        "city": "Toledo",
        "province": "Castile-La Mancha",
        "country": "Spain",
        "count": 5
      },
      {
        "city": "",
        "province": "Community of Madrid",
        "country": "Spain",
        "count": 4
      },
      {
        "city": "",
        "province": "Extremadura",
        "country": "Spain",
        "count": 4
      },
      {
        "city": "(not set)",
        "province": "Galicia",
        "country": "Spain",
        "count": 4
      },
      {
        "city": "Albacete",
        "province": "Castile-La Mancha",
        "country": "Spain",
        "count": 4
      },
      {
        "city": "Alicante",
        "province": "Valencian Community",
        "country": "Spain",
        "count": 4
      },
      {
        "city": "Burgos",
        "province": "Castile and Leon",
        "country": "Spain",
        "count": 4
      },
      {
        "city": "Jaen",
        "province": "Andalusia",
        "country": "Spain",
        "count": 4
      },
      {
        "city": "Logrono",
        "province": "La Rioja",
        "country": "Spain",
        "count": 4
      },
      {
        "city": "Murcia",
        "province": "Region of Murcia",
        "country": "Spain",
        "count": 4
      },
      {
        "city": "Oviedo",
        "province": "Asturias",
        "country": "Spain",
        "count": 4
      },
      {
        "city": "Pozuelo de Alarcon",
        "province": "Madrid",
        "country": "Spain",
        "count": 4
      },
      {
        "city": "San Sebastian de los Reyes",
        "province": "Madrid",
        "country": "Spain",
        "count": 4
      },
      {
        "city": "Tarragona",
        "province": "Catalonia",
        "country": "Spain",
        "count": 4
      },
      {
        "city": "Torrent",
        "province": "Valencian Community",
        "country": "Spain",
        "count": 4
      },
      {
        "city": "",
        "province": "Catalonia",
        "country": "Spain",
        "count": 3
      },
      {
        "city": "(not set)",
        "province": "Basque Country",
        "country": "Spain",
        "count": 3
      },
      {
        "city": "(not set)",
        "province": "Navarre",
        "country": "Spain",
        "count": 3
      },
      {
        "city": "Cartagena",
        "province": "Region of Murcia",
        "country": "Spain",
        "count": 3
      },
      {
        "city": "Castellon de la Plana",
        "province": "Valencian Community",
        "country": "Spain",
        "count": 3
      },
      {
        "city": "Donostia / San Sebastian",
        "province": "Basque Country",
        "country": "Spain",
        "count": 3
      },
      {
        "city": "Fuenlabrada",
        "province": "Madrid",
        "country": "Spain",
        "count": 3
      },
      {
        "city": "Getafe",
        "province": "Madrid",
        "country": "Spain",
        "count": 3
      },
      {
        "city": "Guadalajara",
        "province": "Castile-La Mancha",
        "country": "Spain",
        "count": 3
      },
      {
        "city": "L'Hospitalet de Llobregat",
        "province": "Catalonia",
        "country": "Spain",
        "count": 3
      },
      {
        "city": "Molina de Segura",
        "province": "Region of Murcia",
        "country": "Spain",
        "count": 3
      },
      {
        "city": "Mostoles",
        "province": "Madrid",
        "country": "Spain",
        "count": 3
      },
      {
        "city": "Palma",
        "province": "Balearic Islands",
        "country": "Spain",
        "count": 3
      },
      {
        "city": "Santa Cruz de Tenerife",
        "province": "Canary Islands",
        "country": "Spain",
        "count": 3
      },
      {
        "city": "Santiago de Compostela",
        "province": "Galicia",
        "country": "Spain",
        "count": 3
      },
      {
        "city": "Terrassa",
        "province": "Catalonia",
        "country": "Spain",
        "count": 3
      },
      {
        "city": "Viladecans",
        "province": "Catalonia",
        "country": "Spain",
        "count": 3
      },
      {
        "city": "",
        "province": "Balearic Islands",
        "country": "Spain",
        "count": 2
      },
      {
        "city": "",
        "province": "Castile and Leon",
        "country": "Spain",
        "count": 2
      },
      {
        "city": "",
        "province": "La Rioja",
        "country": "Spain",
        "count": 2
      },
      {
        "city": "",
        "province": "Region of Murcia",
        "country": "Spain",
        "count": 2
      },
      {
        "city": "(not set)",
        "province": null,
        "country": "(not set)",
        "count": 2
      },
      {
        "city": "(not set)",
        "province": "Castile and Leon",
        "country": "Spain",
        "count": 2
      },
      {
        "city": "(not set)",
        "province": "Catalonia",
        "country": "Spain",
        "count": 2
      },
      {
        "city": "Algeciras",
        "province": "Andalusia",
        "country": "Spain",
        "count": 2
      },
      {
        "city": "Avila‎",
        "province": "Castile and Leon",
        "country": "Spain",
        "count": 2
      },
      {
        "city": "Azuqueca de Henares",
        "province": "Castile-La Mancha",
        "country": "Spain",
        "count": 2
      },
      {
        "city": "Boadilla del Monte",
        "province": "Madrid",
        "country": "Spain",
        "count": 2
      },
      {
        "city": "Caceres‎",
        "province": "Extremadura",
        "country": "Spain",
        "count": 2
      },
      {
        "city": "Cadiz",
        "province": "Andalusia",
        "country": "Spain",
        "count": 2
      },
      {
        "city": "Castelldefels",
        "province": "Catalonia",
        "country": "Spain",
        "count": 2
      },
      {
        "city": "Collado Villalba",
        "province": "Madrid",
        "country": "Spain",
        "count": 2
      },
      {
        "city": "Cuenca",
        "province": "Castile-La Mancha",
        "country": "Spain",
        "count": 2
      },
      {
        "city": "Fuengirola",
        "province": "Andalusia",
        "country": "Spain",
        "count": 2
      },
      {
        "city": "Gandia",
        "province": "Valencian Community",
        "country": "Spain",
        "count": 2
      },
      {
        "city": "Igualada",
        "province": "Catalonia",
        "country": "Spain",
        "count": 2
      },
      {
        "city": "Lebrija",
        "province": "Andalusia",
        "country": "Spain",
        "count": 2
      },
      {
        "city": "Lleida",
        "province": "Catalonia",
        "country": "Spain",
        "count": 2
      },
      {
        "city": "London",
        "province": "England",
        "country": "United Kingdom",
        "count": 2
      },
      {
        "city": "Lugo",
        "province": "Galicia",
        "country": "Spain",
        "count": 2
      },
      {
        "city": "Majadahonda",
        "province": "Madrid",
        "country": "Spain",
        "count": 2
      },
      {
        "city": "Maspalomas",
        "province": "Canary Islands",
        "country": "Spain",
        "count": 2
      },
      {
        "city": "Mataro",
        "province": "Catalonia",
        "country": "Spain",
        "count": 2
      },
      {
        "city": "Merida",
        "province": "Extremadura",
        "country": "Spain",
        "count": 2
      },
      {
        "city": "Milan",
        "province": "Lombardy",
        "country": "Italy",
        "count": 2
      },
      {
        "city": "Motril",
        "province": "Andalusia",
        "country": "Spain",
        "count": 2
      },
      {
        "city": "Ontinyent",
        "province": "Valencian Community",
        "country": "Spain",
        "count": 2
      },
      {
        "city": "Pontevedra",
        "province": "Galicia",
        "country": "Spain",
        "count": 2
      }
    ],
    "Geo_Web": [
      {
        "city": "Madrid",
        "province": "Madrid",
        "country": "Spain",
        "count": 31
      },
      {
        "city": "Alcobendas",
        "province": "Madrid",
        "country": "Spain",
        "count": 13
      },
      {
        "city": "Zaragoza",
        "province": "Aragon",
        "country": "Spain",
        "count": 10
      },
      {
        "city": "Majadahonda",
        "province": "Madrid",
        "country": "Spain",
        "count": 6
      },
      {
        "city": "Barcelona",
        "province": "Catalonia",
        "country": "Spain",
        "count": 4
      },
      {
        "city": "(not set)",
        "province": "Andalusia",
        "country": "Spain",
        "count": 1
      },
      {
        "city": "Alcala de Henares",
        "province": "Madrid",
        "country": "Spain",
        "count": 1
      },
      {
        "city": "Malaga",
        "province": "Andalusia",
        "country": "Spain",
        "count": 1
      },
      {
        "city": "Mostoles",
        "province": "Madrid",
        "country": "Spain",
        "count": 1
      },
      {
        "city": "Oudewater",
        "province": "Utrecht",
        "country": "Netherlands",
        "count": 1
      },
      {
        "city": "Palma",
        "province": "Balearic Islands",
        "country": "Spain",
        "count": 1
      }
    ],
    "Browsers": {
      "Chrome": 42,
      "Firefox": 4,
      "Safari": 4,
      "Safari (in-app)": 3,
      "Android Webview": 2
    },
    "Browser_OS": {
      "Windows": 28,
      "Macintosh": 9,
      "Linux": 7,
      "iOS": 7,
      "Android": 4
    }
  }
]